Saint Sorlin;Grandes Rousses;12
du Grand Sablat;Grandes Rousses;12
des Quirlies;Grandes Rousses;12
du Prazon;Chablais;3
du Clot de l'Homme Pelvoux Violettes;Pelvoux;16
du Vallon des Etages;Oisans;15
des Rouies;Oisans;15
du Says;Champsaur;19
Ouest des Sellettes;Oisans;15
Est des Sellettes;Oisans;15
de la Pilatte;Pelvoux;16
du Sele;Pelvoux;16
Noir;Pelvoux;16
d'Arsine;Pelvoux;16
du Casset;Pelvoux;16
du Monetier;Pelvoux;16
de Seguret Foran;Pelvoux;16
de la Plate des Agneaux;Pelvoux;16
de Bonne Pierre;Pelvoux;16
du vallon de la Pilatte;Pelvoux;16
Blanc;Pelvoux;16
de la Selle;Oisans;15
des Etancons;Oisans;15
du Lautaret;Oisans;15
de l'Homme;Oisans;15
du Tabuchet;Oisans;15
de la Meije;Oisans;15
du Rateau;Oisans;15
de la Girose;Oisans;15
de Mont de Lans;Oisans;15
du Tour;Mt Blanc;3
du Chardonnet;Mt Blanc;3
des Amethystes;Mt Blanc;3
du Nant Blanc;Mt Blanc;3
du Tour Noir;Mt Blanc;3
de Talefre;Mt Blanc;3
d'Envers de Blaitiere;Mt Blanc;3
des Pelerins;Mt Blanc;3
de Miage;Mt Blanc;3
des Glaciers;Hte Tarentaise;6
de l'Invernet 1;Hte Tarentaise;6
Inferieur des Balmes;Hte Tarentaise;6
Nord de la Gurraz;Hte Tarentaise;6
de la Gurraz;Hte Tarentaise;6
du Fond;Hte Tarentaise;6
des Sources de l'Isere 1;Hte Maurienne;11
des Sources de l'Isere 2_1;Hte Maurienne;11
de la Grande Casse;Vanoise;10
de Premou 1;Vanoise;10
de la Grande Motte;Vanoise;10
des Grands Couloirs;Vanoise;10
des Sources de l'Arc 4;Hte Maurienne;11
des Sources de l'Arc 2;Hte Maurienne;11
du Mulinet;Hte Maurienne;11
du Grand Mean Nord 1;Hte Maurienne;11
du Vallonnet;Vanoise;10
des Evettes;Hte Maurienne;11
du Genepy;Vanoise;10
des Sonnailles;Vanoise;10
de la Mahure 1;Vanoise;10
de Charbonnel;Hte Maurienne;11
d'Arnes;Hte Maurienne;11
de Chaviere 1;Vanoise;10
de Chaviere 2;Vanoise;10
Baounet 1;Hte Maurienne;11
de Derriere le Clapier 1;Hte Maurienne;11
de Rochemelon;Hte Maurienne;11
d'Argentiere;Mt Blanc;3
Du Dome de Chasseforet 1;Vanoise;10
du Grand Fond;Hte Maurienne;11
Superieur du Vallonnet 1;Hte Maurienne;11
de Rhemes Golette 1;Hte Tarentaise;6
de la Sassiere;Hte Tarentaise;6
de l'Epena;Vanoise;10
de l'Arpont;Vanoise;10
du Pelve 1;Vanoise;10
du Grand Marchet;Vanoise;10
de l'Arcellin - Roche Ferran 1;Vanoise;10
de la Mahure 2;Vanoise;10
de Tre la Tete 1;Mt Blanc;3
Mer de Glace 1;Mt Blanc;3
de Bionnassay;Mt Blanc;3
des Bossons;Mt Blanc;3
de Taconnaz;Mt Blanc;3
d'Armancette;Mt Blanc;3
Superieur des Balmes;Hte Tarentaise;6
de la Savinaz;Hte Tarentaise;6
de Gebroulaz;Vanoise;10
du Chardon;Oisans;15
du Clot des Cavales;Oisans;15
de la Plate des Agneaux 2;Oisans;15
