Area;Perimeter;Glacier;Année;Massif;WGI;Opérateur;MEAN_Pixel;MIN_PixelV;MAX_PixelV;MEDIAN_Pix;date;data_sourc;institutio;date_analy;FID_1;Length;aspect_sec;x_coord;y_coord;GLIMS_ID;analyst_2;processing;MEAN_Pix_1
2.0690;17.7762;Saint Sorlin;2015;Grandes Rousses;F4N01162B9 + F4N01154D03;Antoine Rabatel;2922.27851047;2674;3413;2893.0;2015-08-29;Sentinel-2_31TGL_2015-08-29;Université de Grenoble - IGE;01-05-2017;575;2631.71657;NE;6.1597853358;45.1597432266;G006159E45160N;Melanie RAMUSOVIC;based on F PAUL automatic delineation based on NDSI from S-2 images;16.473
0.5284;9.0213;du Grand Sablat;2015;Grandes Rousses;F4N01163C05;Antoine Rabatel;3170.06134969;2832;3378;3232.5;2015-08-29;Sentinel-2_31TGL_2015-08-29;Université de Grenoble - IGE;01-05-2017;507;1434.38224;ESE;6.1335448433;45.1313411620;G006132E45128N;Melanie RAMUSOVIC;based on F PAUL automatic delineation based on NDSI from S-2 images;23.691
1.7607;15.6429;des Quirlies;2015;Grandes Rousses;F4N01163C06;Antoine Rabatel;2961.55697356;2592;3364;2939.0;2015-08-29;Sentinel-2_31TGL_2015-08-29;Université de Grenoble - IGE;01-05-2017;570;2311.32366;ENE;6.1469460408;45.1420508696;G006149E45143N;Melanie RAMUSOVIC;based on F PAUL automatic delineation based on NDSI from S-2 images;21.386
0.5515;7.0119;du Prazon_1;2015;Aiguilles Rouges;F4N01231C02;Antoine Rabatel;2667.98475610;2491;2882;2659.0;2015-08-29;Sentinel-2_32TLS_2015-08-29;Université de Grenoble - IGE;01-05-2017;511;727.76858;WNW;6.8867360577;46.1051420992;G006887E46108N;Melanie RAMUSOVIC;based on F PAUL automatic delineation based on NDSI from S-2 images;40.800
0.8443;10.7015;Glacier du Clot de l'Homme Pelvoux Violettes_1;2015;Ecrins;F4N01083B10 +F4N01083B11 + F4N01083B12;Antoine Rabatel;3492.27272727;2853;3938;3573.5;2015-08-29;Sentinel-2_32TLS_2015-08-29;Université de Grenoble - IGE;01-05-2017;539;2234.16034;NE;6.4068872868;44.8987439577;G006408E44900N;Melanie RAMUSOVIC;based on F PAUL automatic delineation based on NDSI from S-2 images;30.588
0.8526;11.5907;Glacier du Vallon des Etages_1;2015;Ecrins;F4N01166E06;Antoine Rabatel;2841.17857143;2422;3242;2900.0;2015-08-29;Sentinel-2_32TLS_2015-08-29;Université de Grenoble - IGE;01-05-2017;541;1310.10924;N;6.2584107827;44.8916858762;G006263E44892N;Melanie RAMUSOVIC;based on F PAUL automatic delineation based on NDSI from S-2 images;33.330
0.8187;7.8312;Glacier du Chardon_1;2015;Ecrins;F4N01166D20;Antoine Rabatel;2921.00389105;2324;3300;3077.0;2015-08-29;Sentinel-2_32TLS_2015-08-29;Université de Grenoble - IGE;01-05-2017;537;2250.08616;NE;6.2825378052;44.8779696405;G006275E44878N;Melanie RAMUSOVIC;based on F PAUL automatic delineation based on NDSI from S-2 images;17.505
1.2354;9.5772;Glacier des Rouies;2015;Ecrins;F4N01166D22;Antoine Rabatel;3284.51295337;2943;3516;3313.0;2015-08-29;Sentinel-2_32TLS_2015-08-29;Université de Grenoble - IGE;01-05-2017;556;2177.22390;NE;6.2623847297;44.8721980908;G006275E44878N;Melanie RAMUSOVIC;based on F PAUL automatic delineation based on NDSI from S-2 images;20.551
0.5796;10.6114;Glacier du Says_1;2015;Ecrins;F4N01166D14;Antoine Rabatel;3052.62707182;2777;3292;3064.0;2015-08-29;Sentinel-2_32TLS_2015-08-29;Université de Grenoble - IGE;01-05-2017;515;899.51338;N;6.3142185076;44.8674553922;G006319E44867N;Melanie RAMUSOVIC;based on F PAUL automatic delineation based on NDSI from S-2 images;28.834
0.5532;4.3296;Glacier Ouest des Sellettes_1;2015;Ecrins;F4N01166F16;Antoine Rabatel;2879.36994220;2714;3014;2869.5;2015-08-29;Sentinel-2_32TLS_2015-08-29;Université de Grenoble - IGE;01-05-2017;512;1207.40382;NE;6.2028858009;44.8649953954;G006204E44866N;Melanie RAMUSOVIC;based on F PAUL automatic delineation based on NDSI from S-2 images;16.815
0.5915;6.5058;Glacier Est des Sellettes_1_1a;2015;Ecrins;F4N01166F14;Antoine Rabatel;2624.04383562;2393;3175;2532.0;2015-08-29;Sentinel-2_32TLS_2015-08-29;Université de Grenoble - IGE;01-05-2017;518;1795.21443;N;6.2156792824;44.8614427026;G006216E44862N;Melanie RAMUSOVIC;based on F PAUL automatic delineation based on NDSI from S-2 images;31.959
2.2626;22.7411;Glacier de la Pilatte;2015;Ecrins;F4N01166D11;Antoine Rabatel;2933.05357143;2360;3408;2984.5;2015-08-29;Sentinel-2_32TLS_2015-08-29;Université de Grenoble - IGE;01-05-2017;576;2898.40755;N;6.3377881600;44.8573949155;G006334E44865N;Melanie RAMUSOVIC;based on F PAUL automatic delineation based on NDSI from S-2 images;25.760
1.4234;12.8461;Glacier du Sele_1;2015;Ecrins;F4N01083B06;Antoine Rabatel;3005.45238095;2534;3313;3063.5;2015-08-29;Sentinel-2_32TLS_2015-08-29;Université de Grenoble - IGE;01-05-2017;565;2824.14868;NE;6.3661650444;44.8612625667;G006367E44861N;Melanie RAMUSOVIC;based on F PAUL automatic delineation based on NDSI from S-2 images;24.032
3.5710;29.3849;Glacier Noir_1;2015;Ecrins;F4N01083B15;Antoine Rabatel;2776.35775281;2307;3690;2779.0;2015-08-29;Sentinel-2_32TLS_2015-08-29;Université de Grenoble - IGE;01-05-2017;584;4458.10921;NE;6.3781367351;44.9052937487;G006383E44906N;Melanie RAMUSOVIC;based on F PAUL automatic delineation based on NDSI from S-2 images;42.870
1.8679;10.3458;Glacier d'Arsine;2015;Ecrins;F4N01184B05;Antoine Rabatel;2707.20000000;2477;3172;2672.0;2015-08-29;Sentinel-2_32TLS_2015-08-29;Université de Grenoble - IGE;01-05-2017;571;2065.27202;NNW;6.4076304779;44.9601081181;G006416E44959N;Melanie RAMUSOVIC;based on F PAUL automatic delineation based on NDSI from S-2 images;22.542
0.8677;8.5221;Glacier du Casset;2015;Ecrins;F4N01084A04;Antoine Rabatel;3189.49355433;2771;3597;3171.0;2015-08-29;Sentinel-2_32TLS_2015-08-29;Université de Grenoble - IGE;01-05-2017;542;1882.63383;NNE;6.4380956218;44.9562333811;G006439E44956N;Melanie RAMUSOVIC;based on F PAUL automatic delineation based on NDSI from S-2 images;30.577
1.0041;9.7575;Glacier du Monetier_1;2015;Ecrins;F4N01084A02;Antoine Rabatel;3234.58132045;2883;3462;3249.0;2015-08-29;Sentinel-2_32TLS_2015-08-29;Université de Grenoble - IGE;01-05-2017;545;1345.73314;E;6.4461621769;44.9351773584;G006439E44949N;Melanie RAMUSOVIC;based on F PAUL automatic delineation based on NDSI from S-2 images;20.563
0.6342;6.3000;Glacier de Seguret Foran;2015;Ecrins;F4N01083B26;Antoine Rabatel;3211.67085427;2858;3445;3237.0;2015-08-29;Sentinel-2_32TLS_2015-08-29;Université de Grenoble - IGE;01-05-2017;525;1580.47230;ENE;6.4576298201;44.9281285771;G006457E44928N;Melanie RAMUSOVIC;based on F PAUL automatic delineation based on NDSI from S-2 images;24.189
0.5305;10.0279;Glacier du Clot des Cavales_1;2015;Ecrins;F4N01165C02;Antoine Rabatel;3081.97865854;2773;3480;3078.5;2015-08-29;Sentinel-2_32TLS_2015-08-29;Université de Grenoble - IGE;01-05-2017;508;1069.80884;NE;6.3316851369;44.9749094597;G006331E44977N;Melanie RAMUSOVIC;based on F PAUL automatic delineation based on NDSI from S-2 images;37.828
0.5949;8.1867;Glacier de la Plate des Agneaux_2;2015;Ecrins;F4N01165B04;Antoine Rabatel;3203.45212766;2834;3634;3171.0;2015-08-29;Sentinel-2_32TLS_2015-08-29;Université de Grenoble - IGE;01-05-2017;520;1044.76127;NE;6.3565825632;44.9476748993;G006350E44954N;Melanie RAMUSOVIC;based on F PAUL automatic delineation based on NDSI from S-2 images;30.932
1.2765;12.6519;Glacier de la Plate des Agneaux_1;2015;Ecrins;F4N01165B04;Antoine Rabatel;2603.10566038;2242;3018;2586.0;2015-08-29;Sentinel-2_32TLS_2015-08-29;Université de Grenoble - IGE;01-05-2017;558;4001.24660;NE;6.3504883854;44.9544356340;G006350E44954N;Melanie RAMUSOVIC;based on F PAUL automatic delineation based on NDSI from S-2 images;30.932
1.8767;11.7219;Glacier de Bonne Pierre_1;2015;Ecrins;F4N01166C26;Antoine Rabatel;2787.04696840;2420;3274;2794.0;2015-08-29;Sentinel-2_32TLS_2015-08-29;Université de Grenoble - IGE;01-05-2017;573;3525.35174;W;6.3394635859;44.9317524575;G006337E44931N;Melanie RAMUSOVIC;based on F PAUL automatic delineation based on NDSI from S-2 images;20.819
0.6728;7.8280;Glacier du vallon de la Pilatte_1;2015;Ecrins;F4N01166D03;Antoine Rabatel;3446.41706161;3089;3745;3456.5;2015-08-29;Sentinel-2_32TLS_2015-08-29;Université de Grenoble - IGE;01-05-2017;529;1330.11980;SW;6.3491013931;44.9191807466;G006347E44919N;Melanie RAMUSOVIC;based on F PAUL automatic delineation based on NDSI from S-2 images;28.038
4.7030;29.7331;Glacier Blanc_1;2015;Ecrins;F4N01083B21;Antoine Rabatel;3196.08689749;2456;3748;3187.0;2015-08-29;Sentinel-2_32TLS_2015-08-29;Université de Grenoble - IGE;01-05-2017;588;5735.97133;E;6.3764764303;44.9378294587;G006382E44944N;Melanie RAMUSOVIC;based on F PAUL automatic delineation based on NDSI from S-2 images;18.769
1.2739;11.3878;Glacier de la Selle_1;2015;Ecrins;F4N01166A04;Antoine Rabatel;3186.75597484;2942;3769;3128.0;2015-08-29;Sentinel-2_32TLS_2015-08-29;Université de Grenoble - IGE;01-05-2017;557;2072.31863;NNW;6.2771856550;44.9921345945;G006256E44974N;Melanie RAMUSOVIC;based on F PAUL automatic delineation based on NDSI from S-2 images;22.345
0.5751;8.7744;Glacier des Etançons_2_1;2015;Ecrins;F4N01166C14;Antoine Rabatel;3228.67039106;3000;3595;3187.0;2015-08-29;Sentinel-2_32TLS_2015-08-29;Université de Grenoble - IGE;01-05-2017;514;822.77608;WSW;6.3150794398;44.9983715434;G006315E44998N;Melanie RAMUSOVIC;based on F PAUL automatic delineation based on NDSI from S-2 images;49.711
0.8060;7.4076;Glacier du Lautaret_1;2015;Ecrins;F4N01165D03;Antoine Rabatel;3038.36935167;2567;3512;3034.0;2015-08-29;Sentinel-2_32TLS_2015-08-29;Université de Grenoble - IGE;01-05-2017;535;1830.12484;N;6.3337500360;45.0046471746;G006345E45004N;Melanie RAMUSOVIC;based on F PAUL automatic delineation based on NDSI from S-2 images;28.759
0.5924;6.8588;Glacier de l'Homme;2015;Ecrins;F4N01165D03;Antoine Rabatel;3214.78436658;2813;3481;3268.0;2015-08-29;Sentinel-2_32TLS_2015-08-29;Université de Grenoble - IGE;01-05-2017;519;1847.17438;N;6.3255030407;45.0087009870;G006345E45004N;Melanie RAMUSOVIC;based on F PAUL automatic delineation based on NDSI from S-2 images;28.759
1.1439;8.5778;Glacier du Tabuchet;2015;Ecrins;F4N01165E01;Antoine Rabatel;3193.25669958;2773;3498;3205.0;2015-08-29;Sentinel-2_32TLS_2015-08-29;Université de Grenoble - IGE;01-05-2017;550;1598.04513;NNE;6.3207153890;45.0152733711;G006321E45014N;Melanie RAMUSOVIC;based on F PAUL automatic delineation based on NDSI from S-2 images;29.721
1.5028;16.0599;Glacier de la Meije;2015;Ecrins;F4N01165E02;Antoine Rabatel;3191.45589798;2790;3780;3203.0;2015-08-29;Sentinel-2_32TLS_2015-08-29;Université de Grenoble - IGE;01-05-2017;566;2367.18709;NNE;6.3015148679;45.0081745626;G006296E45008N;Melanie RAMUSOVIC;based on F PAUL automatic delineation based on NDSI from S-2 images;30.521
0.9120;12.7273;Glacier du Rateau;2015;Ecrins;F4N01165E03;Antoine Rabatel;2894.57894737;2434;3489;2871.0;2015-08-29;Sentinel-2_32TLS_2015-08-29;Université de Grenoble - IGE;01-05-2017;543;1951.81207;NNE;6.2816642219;45.0089411997;G006284E45012N;Melanie RAMUSOVIC;based on F PAUL automatic delineation based on NDSI from S-2 images;37.307
4.6497;21.7568;Glacier de la Girose_1;2015;Ecrins;F4N01165F02;Antoine Rabatel;3223.74284729;2708;3579;3244.0;2015-08-29;Sentinel-2_32TLS_2015-08-29;Université de Grenoble - IGE;01-05-2017;587;2761.20914;N;6.2523866934;45.0052632702;G006252E45009N;Melanie RAMUSOVIC;based on F PAUL automatic delineation based on NDSI from S-2 images;19.284
2.7093;20.5276;Glacier de Mont de Lans;2015;Ecrins;F4N01165F03;Antoine Rabatel;3233.62130178;2849;3499;3258.0;2015-08-29;Sentinel-2_32TLS_2015-08-29;Université de Grenoble - IGE;01-05-2017;579;2146.67103;NW;6.2196316120;45.0008699581;G006226E45003N;Melanie RAMUSOVIC;based on F PAUL automatic delineation based on NDSI from S-2 images;18.904
6.5961;33.7416;Tour;2015;Mont Blanc;F4N01234A01;Antoine Rabatel;3005.65901148;2413;3539;2995.0;2015-08-29;Sentinel-2_32TLR_2015-08-29;Université de Grenoble - IGE;01-05-2017;589;4532.73572;NW;6.9968725843;45.9834001735;G006988E45987N;Melanie RAMUSOVIC;based on F PAUL automatic delineation based on NDSI from S-2 images;24.410
0.7203;7.1752;du Chardonnet;2015;Mont Blanc;F4N01235A06;Antoine Rabatel;3195.35535308;2845;3626;3192.0;2015-08-29;Sentinel-2_32TLR_2015-08-29;Université de Grenoble - IGE;01-05-2017;533;1497.33231;W;7.0059960302;45.9614863260;G007003E45960N;Melanie RAMUSOVIC;based on F PAUL automatic delineation based on NDSI from S-2 images;26.272
1.1944;11.6362;des Amethystes;2015;Mont Blanc;F4N01235A08;Antoine Rabatel;3205.26766304;2635;3601;3273.0;2015-08-29;Sentinel-2_32TLR_2015-08-29;Université de Grenoble - IGE;01-05-2017;554;3084.88950;NW;7.0230274400;45.9503799206;G006985E45951N;Melanie RAMUSOVIC;based on F PAUL automatic delineation based on NDSI from S-2 images;24.582
0.5720;6.8851;du Nant Blanc;2015;Mont Blanc;F4N01236A03;Antoine Rabatel;2819.31197772;2412;3240;2861.0;2015-08-29;Sentinel-2_32TLR_2015-08-29;Université de Grenoble - IGE;01-05-2017;513;1654.32039;WNW;6.9542123118;45.9389078082;G006951E45939N;Melanie RAMUSOVIC;based on F PAUL automatic delineation based on NDSI from S-2 images;28.979
1.0173;14.2533;du Tour Noir;2015;Mont Blanc;F4N01235A08;Antoine Rabatel;3169.67467949;2795;3667;3150.5;2015-08-29;Sentinel-2_32TLR_2015-08-29;Université de Grenoble - IGE;01-05-2017;546;1870.08341;NW;7.0286304567;45.9425185419;G006985E45951N;Melanie RAMUSOVIC;based on F PAUL automatic delineation based on NDSI from S-2 images;24.582
6.6518;44.5737;de Talefre;2015;Mont Blanc;F4N01236A07;Antoine Rabatel;2998.27277132;2499;3724;3009.5;2015-08-29;Sentinel-2_32TLR_2015-08-29;Université de Grenoble - IGE;01-05-2017;590;4625.77008;WSW;6.9887704545;45.9156094153;G006992E45913N;Melanie RAMUSOVIC;based on F PAUL automatic delineation based on NDSI from S-2 images;23.018
0.5265;6.0365;d'Envers de Blaitiere 1;2015;Mont Blanc;F4N01237B03;Antoine Rabatel;2704.58074534;2452;3007;2700.5;2015-08-29;Sentinel-2_32TLR_2015-08-29;Université de Grenoble - IGE;01-05-2017;506;1428.50695;NW;6.9199031962;45.8931899672;G006901E45901N;Melanie RAMUSOVIC;based on F PAUL automatic delineation based on NDSI from S-2 images;26.832
0.6753;6.3969;des Pelerins;2015;Mont Blanc;F4N01237C01;Antoine Rabatel;2519.05476190;2278;2903;2495.0;2015-08-29;Sentinel-2_32TLR_2015-08-29;Université de Grenoble - IGE;01-05-2017;530;1781.92442;NW;6.8915222565;45.8911419413;G006889E45892N;Melanie RAMUSOVIC;based on F PAUL automatic delineation based on NDSI from S-2 images;23.115
1.0967;10.6455;de Miage;2015;Mont Blanc;F4N01239B03;Antoine Rabatel;2762.61176471;2376;3678;2634.5;2015-08-29;Sentinel-2_32TLR_2015-08-29;Université de Grenoble - IGE;01-05-2017;547;2749.23381;W;6.7999849376;45.8279998920;G006799E45827N;Melanie RAMUSOVIC;based on F PAUL automatic delineation based on NDSI from S-2 images;24.237
1.1880;10.6606;des Glaciers;2015;Mont Blanc;F4N01144A18;Antoine Rabatel;3194.17827298;2751;3682;3175.0;2015-08-29;Sentinel-2_32TLR_2015-08-29;Université de Grenoble - IGE;01-05-2017;553;2081.51777;SSW;6.7954877156;45.7713923630;G006794E45769N;Melanie RAMUSOVIC;based on F PAUL automatic delineation based on NDSI from S-2 images;26.901
0.5912;10.3491;de l'Invernet 1;2015;Haute Vallée de l'Isère;F4N01144B11;Antoine Rabatel;2900.80277778;2602;3264;2904.0;2015-08-29;Sentinel-2_32TLR_2015-08-29;Université de Grenoble - IGE;01-05-2017;517;2175.30770;WNW;6.9902712249;45.6348749627;G006986E45634N;Melanie RAMUSOVIC;based on F PAUL automatic delineation based on NDSI from S-2 images;26.085
0.7193;4.9444;Inferieur des Balmes;2015;Haute Vallée de l'Isère;F4N01144B30;Antoine Rabatel;2476.04000000;2374;2783;2447.0;2015-08-29;Sentinel-2_32TLR_2015-08-29;Université de Grenoble - IGE;01-05-2017;532;1288.43916;NNW;6.9744554533;45.5483433876;G006972E45549N;Melanie RAMUSOVIC;based on F PAUL automatic delineation based on NDSI from S-2 images;16.874
0.6080;5.7249;Nord de la Gurraz;2015;Haute Vallée de l'Isère;F4N01144G11;Antoine Rabatel;3044.08108108;2656;3390;3041.0;2015-08-29;Sentinel-2_32TLR_2015-08-29;Université de Grenoble - IGE;01-05-2017;523;1949.45518;ENE;6.8702091306;45.5345396032;G006872E45535N;Melanie RAMUSOVIC;based on F PAUL automatic delineation based on NDSI from S-2 images;24.729
1.5830;10.2692;de la Gurraz;2015;Haute Vallée de l'Isère;F4N01144G10;Antoine Rabatel;3099.92592593;2481;3563;3094.0;2015-08-29;Sentinel-2_32TLR_2015-08-29;Université de Grenoble - IGE;01-05-2017;567;2801.79007;NE;6.8722760389;45.5258010151;G006874E45531N;Melanie RAMUSOVIC;based on F PAUL automatic delineation based on NDSI from S-2 images;22.629
0.6644;5.8275;du Fond;2015;Haute Vallée de l'Isère;F4N01144C02;Antoine Rabatel;3229.06532663;2933;3614;3190.0;2015-08-29;Sentinel-2_32TLR_2015-08-29;Université de Grenoble - IGE;01-05-2017;528;1700.45427;NW;6.9962834329;45.5175228311;G006993E45521N;Melanie RAMUSOVIC;based on F PAUL automatic delineation based on NDSI from S-2 images;24.023
0.8093;6.8039;des Sources de l'Isere 1;2015;Haute Vallée de l'Isère;F4N01144E22;Antoine Rabatel;3090.14024390;2938;3383;3071.0;2015-08-29;Sentinel-2_32TLR_2015-08-29;Université de Grenoble - IGE;01-05-2017;536;1567.13342;NNW;7.1082435935;45.4409122774;G007101E45442N;Melanie RAMUSOVIC;based on F PAUL automatic delineation based on NDSI from S-2 images;16.762
0.5966;5.3975;des Sources de l'Isere 2_1;2015;Haute Vallée de l'Isère;F4N01144E22;Antoine Rabatel;3077.94565217;2786;3387;3080.0;2015-08-29;Sentinel-2_32TLR_2015-08-29;Université de Grenoble - IGE;01-05-2017;522;1430.97336;NNW;7.1001119715;45.4373300682;G007101E45442N;Melanie RAMUSOVIC;based on F PAUL automatic delineation based on NDSI from S-2 images;16.762
0.7166;6.5534;de la Grande Casse;2015;Vanoise;F4N01146C16;Antoine Rabatel;2825.63370787;2597;3076;2835.0;2015-08-29;Sentinel-2_32TLR_2015-08-29;Université de Grenoble - IGE;01-05-2017;531;2259.54968;SW;6.8048636979;45.4084791110;G006803E45409N;Melanie RAMUSOVIC;based on F PAUL automatic delineation based on NDSI from S-2 images;17.207
0.5004;5.0923;de Premou 1;2015;Vanoise;F4N01146B07;Antoine Rabatel;3058.72093023;2841;3285;3061.0;2015-08-29;Sentinel-2_32TLR_2015-08-29;Université de Grenoble - IGE;01-05-2017;504;837.19804;NW;6.8536521725;45.4121059791;G006862E45413N;Melanie RAMUSOVIC;based on F PAUL automatic delineation based on NDSI from S-2 images;26.771
3.1526;20.1183;de la Grande Motte;2015;Vanoise;F4N01146B04;Antoine Rabatel;3025.98508230;2661;3634;2965.0;2015-08-29;Sentinel-2_32TLR_2015-08-29;Université de Grenoble - IGE;01-05-2017;582;3437.85958;NNW;6.8810907877;45.4205773052;G006881E45423N;Melanie RAMUSOVIC;based on F PAUL automatic delineation based on NDSI from S-2 images;19.068
0.6218;7.5231;des Grands Couloirs;2015;Vanoise;F4N01146C20;Antoine Rabatel;3411.10215054;2936;3777;3490.5;2015-08-29;Sentinel-2_32TLR_2015-08-29;Université de Grenoble - IGE;01-05-2017;524;1463.47855;W;6.8164950947;45.4018724781;G006811E45402N;Melanie RAMUSOVIC;based on F PAUL automatic delineation based on NDSI from S-2 images;32.000
0.8478;8.0433;des Sources de l'Arc 4;2015;Haute Maurienne;F4N01153B14;Antoine Rabatel;3157.04296875;3004;3319;3155.0;2015-08-29;Sentinel-2_32TLR_2015-08-29;Université de Grenoble - IGE;01-05-2017;540;1290.40915;W;7.1763747060;45.4023353869;G007170E45398N;Melanie RAMUSOVIC;based on F PAUL automatic delineation based on NDSI from S-2 images;20.126
0.6368;5.3577;des Sources de l'Arc 2;2015;Haute Maurienne;F4N01153B14;Antoine Rabatel;2935.75456919;2707;3212;2930.0;2015-08-29;Sentinel-2_32TLR_2015-08-29;Université de Grenoble - IGE;01-05-2017;526;1697.58305;W;7.1578095064;45.3877221166;G007170E45398N;Melanie RAMUSOVIC;based on F PAUL automatic delineation based on NDSI from S-2 images;20.126
1.7369;9.8408;du Mulinet;2015;Haute Maurienne;F4N01153B19;Antoine Rabatel;3083.78273245;2850;3302;3086.0;2015-08-29;Sentinel-2_32TLR_2015-08-29;Université de Grenoble - IGE;01-05-2017;569;1762.03611;NW;7.1519395374;45.3768115975;G007144E45371N;Melanie RAMUSOVIC;based on F PAUL automatic delineation based on NDSI from S-2 images;15.655
1.3635;11.6501;du Grand Mean Nord 1;2015;Vanoise;F4N01153B20;Antoine Rabatel;3082.42214112;2874;3327;3087.0;2015-08-29;Sentinel-2_32TLR_2015-08-29;Université de Grenoble - IGE;01-05-2017;562;2218.03708;WNW;7.1474926162;45.3614414861;G007143E45363N;Melanie RAMUSOVIC;based on F PAUL automatic delineation based on NDSI from S-2 images;28.821
1.8769;10.9405;du Vallonnet;2015;Vanoise;F4N01152C13;Antoine Rabatel;3282.27161572;3019;3498;3286.0;2015-08-29;Sentinel-2_32TLR_2015-08-29;Université de Grenoble - IGE;01-05-2017;574;1798.92481;NNE;6.9095249726;45.3330897834;G006904E45335N;Melanie RAMUSOVIC;based on F PAUL automatic delineation based on NDSI from S-2 images;11.339
2.4153;20.6912;des Evettes;2015;Haute Maurienne;F4N01153B26;Antoine Rabatel;3091.36770692;2808;3467;3084.0;2015-08-29;Sentinel-2_32TLR_2015-08-29;Université de Grenoble - IGE;01-05-2017;577;1821.21794;NNW;7.1167658767;45.3347757244;G007119E45337N;Melanie RAMUSOVIC;based on F PAUL automatic delineation based on NDSI from S-2 images;25.583
1.3946;16.3987;du Genepy;2015;Vanoise;F4N01146C38;Antoine Rabatel;3211.43341121;2838;3571;3224.0;2015-08-29;Sentinel-2_32TLR_2015-08-29;Université de Grenoble - IGE;01-05-2017;564;1427.03096;NW;6.7309510585;45.3096339801;G006727E45309N;Melanie RAMUSOVIC;based on F PAUL automatic delineation based on NDSI from S-2 images;26.676
1.2258;6.2260;des Sonnailles;2015;Vanoise;F4N01146C30;Antoine Rabatel;3427.64713715;3232;3551;3435.0;2015-08-29;Sentinel-2_32TLR_2015-08-29;Université de Grenoble - IGE;01-05-2017;555;2129.68695;N;6.7443822330;45.3351709620;G006747E45337N;Melanie RAMUSOVIC;based on F PAUL automatic delineation based on NDSI from S-2 images;12.434
0.9306;8.2921;de la Mahure 1;2015;Vanoise;F4N01152A05;Antoine Rabatel;2985.31514085;2662;3289;2973.5;2015-08-29;Sentinel-2_32TLR_2015-08-29;Université de Grenoble - IGE;01-05-2017;544;2345.07412;E;6.7486745281;45.2961183204;G006745E45302N;Melanie RAMUSOVIC;based on F PAUL automatic delineation based on NDSI from S-2 images;25.351
0.5423;4.8023;de Charbonnel;2015;Haute Maurienne;F4N01153C31;Antoine Rabatel;3463.27134146;3212;3733;3453.5;2015-08-29;Sentinel-2_32TLR_2015-08-29;Université de Grenoble - IGE;01-05-2017;509;844.69131;NNW;7.0524967710;45.2839111051;G007048E45284N;Melanie RAMUSOVIC;based on F PAUL automatic delineation based on NDSI from S-2 images;28.053
0.6435;5.4502;d'Arnes;2015;Haute Maurienne;F4N01153C17;Antoine Rabatel;3125.98492462;2856;3346;3140.0;2015-08-29;Sentinel-2_32TLR_2015-08-29;Université de Grenoble - IGE;01-05-2017;527;1408.46976;NNW;7.1302284975;45.2784444489;G007130E45280N;Melanie RAMUSOVIC;based on F PAUL automatic delineation based on NDSI from S-2 images;21.605
1.2952;12.2029;de Chaviere 1_1;2015;Vanoise;F4N01151B03;Antoine Rabatel;3185.51870968;2950;3450;3167.0;2015-08-29;Sentinel-2_32TLR_2015-08-29;Université de Grenoble - IGE;01-05-2017;559;2452.26152;SSE;6.6204487193;45.2711465805;G006615E45266N;Melanie RAMUSOVIC;based on F PAUL automatic delineation based on NDSI from S-2 images;15.421
0.8413;6.9573;de Chaviere 1_2;2015;Vanoise;F4N01151B03;Antoine Rabatel;3035.81889764;2853;3273;3024.0;2015-08-29;Sentinel-2_32TLR_2015-08-29;Université de Grenoble - IGE;01-05-2017;538;1693.44271;SSE;6.6124943453;45.2518950232;G006615E45266N;Melanie RAMUSOVIC;based on F PAUL automatic delineation based on NDSI from S-2 images;15.421
1.1305;7.8954;Baounet 1_1;2015;Haute Maurienne;F4N01153C19;Antoine Rabatel;3018.42380261;2801;3283;3014.0;2015-08-29;Sentinel-2_32TLR_2015-08-29;Université de Grenoble - IGE;01-05-2017;549;2639.28057;NW;7.1207655246;45.2531740544;G007117E45255N;Melanie RAMUSOVIC;based on F PAUL automatic delineation based on NDSI from S-2 images;12.121
0.5437;-1.7976;de Derriere le Clapier 1;2015;Haute Maurienne;F4N01153C25;Antoine Rabatel;2995.05120482;2828;3222;3009.5;2015-08-29;Sentinel-2_32TLR_2015-08-29;Université de Grenoble - IGE;01-05-2017;510;1284.64911;NNE;7.0878025022;45.2318450343;G007090E45233N;Melanie RAMUSOVIC;based on F PAUL automatic delineation based on NDSI from S-2 images;24.738
1.3711;12.7820;de Rochemelon;2015;Haute Maurienne;F4N01153D08;Antoine Rabatel;3130.31796117;2935;3261;3155.0;2015-08-29;Sentinel-2_32TLR_2015-08-29;Université de Grenoble - IGE;01-05-2017;563;2484.25297;NW;7.0700604436;45.2187372681;G007067E45221N;Melanie RAMUSOVIC;based on F PAUL automatic delineation based on NDSI from S-2 images;8.793
9.6936;46.3888;d'Argentiere;2015;Mont Blanc;F4N01235A08;Antoine Rabatel;2808.36389304;2196;4093;2820.0;2015-08-29;Sentinel-2_32TLR_2015-08-29;Université de Grenoble - IGE;01-05-2017;554;3084.88950;NW;6.9969764977;45.9414003162;G006985E45951N;Melanie RAMUSOVIC;based on F PAUL automatic delineation based on NDSI from S-2 images;24.582
0.5196;5.7405;Du Dome de Chasseforet 1;2015;Vanoise;F4N01152A09;Antoine Rabatel;3318.24358974;3103;3562;3326.5;2015-08-29;Sentinel-2_32TLR_2015-08-29;Université de Grenoble - IGE;01-05-2017;505;1189.69193;ENE;6.7648119460;45.3339866102;G006766E45335N;Melanie RAMUSOVIC;based on F PAUL automatic delineation based on NDSI from S-2 images;16.029
1.1301;7.2138;du Grand Fond;2015;Haute Maurienne;F4N01153C07;Antoine Rabatel;3332.76445087;3016;3591;3360.0;2015-08-29;Sentinel-2_32TLR_2015-08-29;Université de Grenoble - IGE;01-05-2017;548;2051.33635;SSW;7.0909242861;45.3346944990;G007097E45329N;Melanie RAMUSOVIC;based on F PAUL automatic delineation based on NDSI from S-2 images;15.447
1.1732;12.8184;Superieur du Vallonnet 1;2015;Haute Maurienne;F4N01153B31;Antoine Rabatel;3225.48221906;2841;3445;3264.0;2015-08-29;Sentinel-2_32TLR_2015-08-29;Université de Grenoble - IGE;01-05-2017;551;1373.83240;NNW;7.0819433509;45.3423296973;G007087E45341N;Melanie RAMUSOVIC;based on F PAUL automatic delineation based on NDSI from S-2 images;25.402
0.5860;4.3048;de Rhemes Golette 1;2015;Haute Vallée de l'Isère;F4N01144D07;Antoine Rabatel;3057.90607735;2901;3217;3075.0;2015-08-29;Sentinel-2_32TLR_2015-08-29;Université de Grenoble - IGE;01-05-2017;516;1417.30746;NNW;7.0505119168;45.4921970182;G007045E45487N;Melanie RAMUSOVIC;based on F PAUL automatic delineation based on NDSI from S-2 images;14.259
1.8699;8.8140;de la Sassiere;2015;Haute Vallée de l'Isère;F4N01144C03;Antoine Rabatel;3258.27555556;2852;3621;3274.0;2015-08-29;Sentinel-2_32TLR_2015-08-29;Université de Grenoble - IGE;01-05-2017;572;2105.89748;NW;6.9885574564;45.5106147033;G006988E45515N;Melanie RAMUSOVIC;based on F PAUL automatic delineation based on NDSI from S-2 images;19.254
1.1829;11.0594;de l'Epena;2015;Vanoise;F4N01146B10;Antoine Rabatel;2923.43098592;2569;3673;2869.0;2015-08-29;Sentinel-2_32TLR_2015-08-29;Université de Grenoble - IGE;01-05-2017;552;2343.60577;NNE;6.8277115028;45.4130400430;G006828E45414N;Melanie RAMUSOVIC;based on F PAUL automatic delineation based on NDSI from S-2 images;28.946
3.1645;15.8007;de l'Arpont;2015;Vanoise;F4N01152A07;Antoine Rabatel;3291.92173913;2738;3581;3338.0;2015-08-29;Sentinel-2_32TLR_2015-08-29;Université de Grenoble - IGE;01-05-2017;583;2841.99896;ESE;6.7529813147;45.3214419610;G006756E45318N;Melanie RAMUSOVIC;based on F PAUL automatic delineation based on NDSI from S-2 images;18.778
2.6743;12.3823;du Pelve 1;2015;Vanoise;F4N01152A09;Antoine Rabatel;3232.53102190;2754;3525;3253.0;2015-08-29;Sentinel-2_32TLR_2015-08-29;Université de Grenoble - IGE;01-05-2017;578;3093.21578;ENE;6.7562023602;45.3424761959;G006766E45335N;Melanie RAMUSOVIC;based on F PAUL automatic delineation based on NDSI from S-2 images;16.029
1.3283;11.0227;du Grand Marchet;2015;Vanoise;F4N01146C24;Antoine Rabatel;3011.99752169;2833;3229;2971.0;2015-08-29;Sentinel-2_32TLR_2015-08-29;Université de Grenoble - IGE;01-05-2017;561;1633.48520;NW;6.7601415371;45.3585748438;G006765E45361N;Melanie RAMUSOVIC;based on F PAUL automatic delineation based on NDSI from S-2 images;11.960
2.9452;11.2555;de l'Arcellin - Roche Ferran 1;2015;Vanoise;F4N001146C21;Antoine Rabatel;3050.74903475;2814;3223;3053.0;2015-08-29;Sentinel-2_32TLR_2015-08-29;Université de Grenoble - IGE;01-05-2017;581;2799.38772;N;6.7819597722;45.3675772738;G006780E45369N;Melanie RAMUSOVIC;based on F PAUL automatic delineation based on NDSI from S-2 images;9.321
1.3110;15.2942;de la Mahure 2;2015;Vanoise;F4N01152A05;Antoine Rabatel;3238.15716096;2954;3450;3256.0;2015-08-29;Sentinel-2_32TLR_2015-08-29;Université de Grenoble - IGE;01-05-2017;560;1114.61203;E;6.7404602796;45.3028998344;G006745E45302N;Melanie RAMUSOVIC;based on F PAUL automatic delineation based on NDSI from S-2 images;25.351
7.3900;59.6140;de Tre la Tete 1;2015;Mont Blanc;F4N01239D01;Antoine Rabatel;2961.66430469;2015;3862;3010.0;2015-08-29;Sentinel-2_32TLR_2015-08-29;Université de Grenoble - IGE;01-05-2017;591;7504.53162;WSW;6.7884495863;45.7935108206;G006784E45784N;Melanie RAMUSOVIC;based on F PAUL automatic delineation based on NDSI from S-2 images;23.798
2.8869;1.3551;Mer de Glace 1;2015;Mont Blanc;F4N01236A01;Antoine Rabatel;2868.59075228;1551;4016;2992.0;2015-08-29;Sentinel-2_32TLR_2015-08-29;Université de Grenoble - IGE;01-05-2017;594;13115.45043;NW;6.9339830330;45.8754249331;G006977E45894N;Melanie RAMUSOVIC;based on F PAUL automatic delineation based on NDSI from S-2 images;20.800
3.7570;29.3214;de Bionnassay;2015;Mont Blanc;F4N01239A02;Antoine Rabatel;3093.72594502;1760;4258;3028.5;2015-08-29;Sentinel-2_32TLR_2015-08-29;Université de Grenoble - IGE;01-05-2017;585;5586.08734;NW;6.8144089380;45.8453908995;G006811E45849N;Melanie RAMUSOVIC;based on F PAUL automatic delineation based on NDSI from S-2 images;33.145
1.0609;53.4689;des Bossons;2015;Mont Blanc;F4N01237D03;Antoine Rabatel;3589.75113878;1677;4812;3838.0;2015-08-29;Sentinel-2_32TLR_2015-08-29;Université de Grenoble - IGE;01-05-2017;586;4079.08581;NNW;6.8661609102;45.8563705030;G006865E45868N;Melanie RAMUSOVIC;based on F PAUL automatic delineation based on NDSI from S-2 images;29.184
4.2993;22.8775;de Taconnaz;2015;Mont Blanc;F4N01237E01;Antoine Rabatel;3371.80599251;2108;4311;3441.0;2015-08-29;Sentinel-2_32TLR_2015-08-29;Université de Grenoble - IGE;01-05-2017;586;4079.08581;NNW;6.8459561684;45.8586186416;G006844E45863N;Melanie RAMUSOVIC;based on F PAUL automatic delineation based on NDSI from S-2 images;31.309
0.5957;7.2713;d'Armancette;2015;Mont Blanc;F4N01239C01;Antoine Rabatel;3279.93162393;2757;3674;3284.0;2015-08-29;Sentinel-2_32TLR_2015-08-29;Université de Grenoble - IGE;01-05-2017;521;1794.44061;W;6.7814519271;45.8086785186;G006778E45809N;Melanie RAMUSOVIC;based on F PAUL automatic delineation based on NDSI from S-2 images;30.798
1.6018;10.8911;Superieur des Balmes;2015;Haute Vallée de l'Isère;F4N01144B31;Antoine Rabatel;3313.78076525;2854;3547;3335.0;2015-08-29;Sentinel-2_32TLR_2015-08-29;Université de Grenoble - IGE;01-05-2017;568;1685.51462;NNW;6.9860290163;45.5380682410;G006985E45538N;Melanie RAMUSOVIC;based on F PAUL automatic delineation based on NDSI from S-2 images;20.047
0.7574;7.2761;de la Savinaz;2015;Haute Vallée de l'Isère;F4N01144G08;Antoine Rabatel;3270.54083885;2598;3556;3342.0;2015-08-29;Sentinel-2_32TLR_2015-08-29;Université de Grenoble - IGE;01-05-2017;534;1857.63396;NE;6.8755517402;45.5160136538;G006883E45518N;Melanie RAMUSOVIC;based on F PAUL automatic delineation based on NDSI from S-2 images;29.695
2.8701;20.6379;de Gebroulaz;2015;Vanoise;F4N01146E06;Antoine Rabatel;3022.77846326;2603;3480;3016.0;2015-08-29;Sentinel-2_32TLR_2015-08-29;Université de Grenoble - IGE;01-05-2017;580;4497.77755;N;6.6317405292;45.2897670588;G006629E45295N;Melanie RAMUSOVIC;based on F PAUL automatic delineation based on NDSI from S-2 images;16.150
